[{
  "country": "Albania"
  , "code": "ALB"
  , "lat": 41
  , "lng": 20
}, {
  "country": "Algeria"
  , "code": "DZA"
  , "lat": 28
  , "lng": 3
}, {
  "country": "American Samoa"
  , "code": "ASM"
  , "lat": -14.3333
  , "lng": -170
}, {
  "country": "Andorra"
  , "code": "AND"
  , "lat": 42.5
  , "lng": 1.6
}, {
  "country": "Angola"
  , "code": "AGO"
  , "lat": -12.5
  , "lng": 18.5
}, {
  "country": "Anguilla"
  , "code": "AIA"
  , "lat": 18.25
  , "lng": -63.1667
}, {
  "country": "Antarctica"
  , "code": "ATA"
  , "lat": -90
  , "lng": 0
}, {
  "country": "Antigua and Barbuda"
  , "code": "ATG"
  , "lat": 17.05
  , "lng": -61.8
}, {
  "country": "Argentina"
  , "code": "ARG"
  , "lat": -34
  , "lng": -64
}, {
  "country": "Armenia"
  , "code": "ARM"
  , "lat": 40
  , "lng": 45
}, {
  "country": "Aruba"
  , "code": "ABW"
  , "lat": 12.5
  , "lng": -69.9667
}, {
  "country": "Australia"
  , "code": "AUS"
  , "lat": -27
  , "lng": 133
}, {
  "country": "Austria"
  , "code": "AUT"
  , "lat": 47.3333
  , "lng": 13.3333
}, {
  "country": "Azerbaijan"
  , "code": "AZE"
  , "lat": 40.5
  , "lng": 47.5
}, {
  "country": "Bahamas"
  , "code": "BHS"
  , "lat": 24.25
  , "lng": -76
}, {
  "country": "Bahrain"
  , "code": "BHR"
  , "lat": 26
  , "lng": 50.55
}, {
  "country": "Bangladesh"
  , "code": "BGD"
  , "lat": 24
  , "lng": 90
}, {
  "country": "Barbados"
  , "code": "BRB"
  , "lat": 13.1667
  , "lng": -59.5333
}, {
  "country": "Belarus"
  , "code": "BLR"
  , "lat": 53
  , "lng": 28
}, {
  "country": "Belgium"
  , "code": "BEL"
  , "lat": 50.8333
  , "lng": 4
}, {
  "country": "Belize"
  , "code": "BLZ"
  , "lat": 17.25
  , "lng": -88.75
}, {
  "country": "Benin"
  , "code": "BEN"
  , "lat": 9.5
  , "lng": 2.25
}, {
  "country": "Bermuda"
  , "code": "BMU"
  , "lat": 32.3333
  , "lng": -64.75
}, {
  "country": "Bhutan"
  , "code": "BTN"
  , "lat": 27.5
  , "lng": 90.5
}, {
  "country": "Bolivia"
  , "code": "BOL"
  , "lat": -17
  , "lng": -65
}, {
  "country": "Bosnia and Herzegovina"
  , "code": "BIH"
  , "lat": 44
  , "lng": 18
}, {
  "country": "Botswana"
  , "code": "BWA"
  , "lat": -22
  , "lng": 24
}, {
  "country": "Bouvet Island"
  , "code": "BVT"
  , "lat": -54.4333
  , "lng": 3.4
}, {
  "country": "Brazil"
  , "code": "BRA"
  , "lat": -10
  , "lng": -55
}, {
  "country": "British Indian Ocean Territory"
  , "code": "IOT"
  , "lat": -6
  , "lng": 71.5
}, {
  "country": "Brunei Darussalam"
  , "code": "BRN"
  , "lat": 4.5
  , "lng": 114.6667
}, {
  "country": "Bulgaria"
  , "code": "BGR"
  , "lat": 43
  , "lng": 25
}, {
  "country": "Burkina Faso"
  , "code": "BFA"
  , "lat": 13
  , "lng": -2
}, {
  "country": "Burundi"
  , "code": "BDI"
  , "lat": -3.5
  , "lng": 30
}, {
  "country": "Cambodia"
  , "code": "KHM"
  , "lat": 13
  , "lng": 105
}, {
  "country": "Cameroon"
  , "code": "CMR"
  , "lat": 6
  , "lng": 12
}, {
  "country": "Canada"
  , "code": "CAN"
  , "lat": 60
  , "lng": -95
}, {
  "country": "Cape Verde"
  , "code": "CPV"
  , "lat": 16
  , "lng": -24
}, {
  "country": "Cayman Islands"
  , "code": "CYM"
  , "lat": 19.5
  , "lng": -80.5
}, {
  "country": "Central African Republic"
  , "code": "CAF"
  , "lat": 7
  , "lng": 21
}, {
  "country": "Chad"
  , "code": "TCD"
  , "lat": 15
  , "lng": 19
}, {
  "country": "Chile"
  , "code": "CHL"
  , "lat": -30
  , "lng": -71
}, {
  "country": "China"
  , "code": "CHN"
  , "lat": 35
  , "lng": 105
}, {
  "country": "Christmas Island"
  , "code": "CXR"
  , "lat": -10.5
  , "lng": 105.6667
}, {
  "country": "Cocos (Keeling) Islands"
  , "code": "CCK"
  , "lat": -12.5
  , "lng": 96.8333
}, {
  "country": "Colombia"
  , "code": "COL"
  , "lat": 4
  , "lng": -72
}, {
  "country": "Comoros"
  , "code": "COM"
  , "lat": -12.1667
  , "lng": 44.25
}, {
  "country": "Republic of the Congo"
  , "code": "COG"
  , "lat": -1
  , "lng": 15
}, {
  "country": "Democratic Republic of the Congo"
  , "code": "COD"
  , "lat": 0
  , "lng": 25
}, {
  "country": "Cook Islands"
  , "code": "COK"
  , "lat": -21.2333
  , "lng": -159.7667
}, {
  "country": "Costa Rica"
  , "code": "CRI"
  , "lat": 10
  , "lng": -84
}, {
  "country": "Ivory Coast"
  , "code": "CIV"
  , "lat": 8
  , "lng": -5
}, {
  "country": "Croatia"
  , "code": "HRV"
  , "lat": 45.1667
  , "lng": 15.5
}, {
  "country": "Cuba"
  , "code": "CUB"
  , "lat": 21.5
  , "lng": -80
}, {
  "country": "Cyprus"
  , "code": "CYP"
  , "lat": 35
  , "lng": 33
}, {
  "country": "Czech Republic"
  , "code": "CZE"
  , "lat": 49.75
  , "lng": 15.5
}, {
  "country": "Denmark"
  , "code": "DNK"
  , "lat": 56
  , "lng": 10
}, {
  "country": "Djibouti"
  , "code": "DJI"
  , "lat": 11.5
  , "lng": 43
}, {
  "country": "Dominica"
  , "code": "DMA"
  , "lat": 15.4167
  , "lng": -61.3333
}, {
  "country": "Dominican Republic"
  , "code": "DOM"
  , "lat": 19
  , "lng": -70.6667
}, {
  "country": "Ecuador"
  , "code": "ECU"
  , "lat": -2
  , "lng": -77.5
}, {
  "country": "Egypt"
  , "code": "EGY"
  , "lat": 27
  , "lng": 30
}, {
  "country": "El Salvador"
  , "code": "SLV"
  , "lat": 13.8333
  , "lng": -88.9167
}, {
  "country": "Equatorial Guinea"
  , "code": "GNQ"
  , "lat": 2
  , "lng": 10
}, {
  "country": "Eritrea"
  , "code": "ERI"
  , "lat": 15
  , "lng": 39
}, {
  "country": "Estonia"
  , "code": "EST"
  , "lat": 59
  , "lng": 26
}, {
  "country": "Ethiopia"
  , "code": "ETH"
  , "lat": 8
  , "lng": 38
}, {
  "country": "Falkland Islands (Malvinas)"
  , "code": "FLK"
  , "lat": -51.75
  , "lng": -59
}, {
  "country": "Faroe Islands"
  , "code": "FRO"
  , "lat": 62
  , "lng": -7
}, {
  "country": "Fiji"
  , "code": "FJI"
  , "lat": -18
  , "lng": 175
}, {
  "country": "Finland"
  , "code": "FIN"
  , "lat": 64
  , "lng": 26
}, {
  "country": "France"
  , "code": "FRA"
  , "lat": 46
  , "lng": 2
}, {
  "country": "French Guiana"
  , "code": "GUF"
  , "lat": 4
  , "lng": -53
}, {
  "country": "French Polynesia"
  , "code": "PYF"
  , "lat": -15
  , "lng": -140
}, {
  "country": "French Southern Territories"
  , "code": "ATF"
  , "lat": -43
  , "lng": 67
}, {
  "country": "Gabon"
  , "code": "GAB"
  , "lat": -1
  , "lng": 11.75
}, {
  "country": "Gambia"
  , "code": "GMB"
  , "lat": 13.4667
  , "lng": -16.5667
}, {
  "country": "Georgia"
  , "code": "GEO"
  , "lat": 42
  , "lng": 43.5
}, {
  "country": "Germany"
  , "code": "DEU"
  , "lat": 51
  , "lng": 9
}, {
  "country": "Ghana"
  , "code": "GHA"
  , "lat": 8
  , "lng": -2
}, {
  "country": "Gibraltar"
  , "code": "GIB"
  , "lat": 36.1833
  , "lng": -5.3667
}, {
  "country": "Greece"
  , "code": "GRC"
  , "lat": 39
  , "lng": 22
}, {
  "country": "Greenland"
  , "code": "GRL"
  , "lat": 72
  , "lng": -40
}, {
  "country": "Grenada"
  , "code": "GRD"
  , "lat": 12.1167
  , "lng": -61.6667
}, {
  "country": "Guadeloupe"
  , "code": "GLP"
  , "lat": 16.25
  , "lng": -61.5833
}, {
  "country": "Guam"
  , "code": "GUM"
  , "lat": 13.4667
  , "lng": 144.7833
}, {
  "country": "Guatemala"
  , "code": "GTM"
  , "lat": 15.5
  , "lng": -90.25
}, {
  "country": "Guernsey"
  , "code": "GGY"
  , "lat": 49.5
  , "lng": -2.56
}, {
  "country": "Guinea"
  , "code": "GIN"
  , "lat": 11
  , "lng": -10
}, {
  "country": "Guinea-Bissau"
  , "code": "GNB"
  , "lat": 12
  , "lng": -15
}, {
  "country": "Guyana"
  , "code": "GUY"
  , "lat": 5
  , "lng": -59
}, {
  "country": "Haiti"
  , "code": "HTI"
  , "lat": 19
  , "lng": -72.4167
}, {
  "country": "Heard Island and McDonald Islands"
  , "code": "HMD"
  , "lat": -53.1
  , "lng": 72.5167
}, {
  "country": "Holy See (Vatican City State)"
  , "code": "VAT"
  , "lat": 41.9
  , "lng": 12.45
}, {
  "country": "Honduras"
  , "code": "HND"
  , "lat": 15
  , "lng": -86.5
}, {
  "country": "Hong Kong"
  , "code": "HKG"
  , "lat": 22.25
  , "lng": 114.1667
}, {
  "country": "Hungary"
  , "code": "HUN"
  , "lat": 47
  , "lng": 20
}, {
  "country": "Iceland"
  , "code": "ISL"
  , "lat": 65
  , "lng": -18
}, {
  "country": "India"
  , "code": "IND"
  , "lat": 20
  , "lng": 77
}, {
  "country": "Indonesia"
  , "code": "IDN"
  , "lat": -5
  , "lng": 120
}, {
  "country": "Iran"
  , "code": "IRN"
  , "lat": 32
  , "lng": 53
}, {
  "country": "Iraq"
  , "code": "IRQ"
  , "lat": 33
  , "lng": 44
}, {
  "country": "Ireland"
  , "code": "IRL"
  , "lat": 53
  , "lng": -8
}, {
  "country": "Isle of Man"
  , "code": "IMN"
  , "lat": 54.23
  , "lng": -4.55
}, {
  "country": "Israel"
  , "code": "ISR"
  , "lat": 31.5
  , "lng": 34.75
}, {
  "country": "Italy"
  , "code": "ITA"
  , "lat": 42.8333
  , "lng": 12.8333
}, {
  "country": "Jamaica"
  , "code": "JAM"
  , "lat": 18.25
  , "lng": -77.5
}, {
  "country": "Japan"
  , "code": "JPN"
  , "lat": 36
  , "lng": 138
}, {
  "country": "Jersey"
  , "code": "JEY"
  , "lat": 49.21
  , "lng": -2.13
}, {
  "country": "Jordan"
  , "code": "JOR"
  , "lat": 31
  , "lng": 36
}, {
  "country": "Kazakhstan"
  , "code": "KAZ"
  , "lat": 48
  , "lng": 68
}, {
  "country": "Kenya"
  , "code": "KEN"
  , "lat": 1
  , "lng": 38
}, {
  "country": "Kiribati"
  , "code": "KIR"
  , "lat": 1.4167
  , "lng": 173
}, {
  "country": "North Korea"
  , "code": "PRK"
  , "lat": 40
  , "lng": 127
}, {
  "country": "South Korea"
  , "code": "KOR"
  , "lat": 37
  , "lng": 127.5
}, {
  "country": "Kuwait"
  , "code": "KWT"
  , "lat": 29.3375
  , "lng": 47.6581
}, {
  "country": "Kyrgyzstan"
  , "code": "KGZ"
  , "lat": 41
  , "lng": 75
}, {
  "country": "Laos"
  , "code": "LAO"
  , "lat": 18
  , "lng": 105
}, {
  "country": "Latvia"
  , "code": "LVA"
  , "lat": 57
  , "lng": 25
}, {
  "country": "Lebanon"
  , "code": "LBN"
  , "lat": 33.8333
  , "lng": 35.8333
}, {
  "country": "Lesotho"
  , "code": "LSO"
  , "lat": -29.5
  , "lng": 28.5
}, {
  "country": "Liberia"
  , "code": "LBR"
  , "lat": 6.5
  , "lng": -9.5
}, {
  "country": "Libya"
  , "code": "LBY"
  , "lat": 25
  , "lng": 17
}, {
  "country": "Liechtenstein"
  , "code": "LIE"
  , "lat": 47.1667
  , "lng": 9.5333
}, {
  "country": "Lithuania"
  , "code": "LTU"
  , "lat": 56
  , "lng": 24
}, {
  "country": "Luxembourg"
  , "code": "LUX"
  , "lat": 49.75
  , "lng": 6.1667
}, {
  "country": "Macao"
  , "code": "MAC"
  , "lat": 22.1667
  , "lng": 113.55
}, {
  "country": "North Macedonia"
  , "code": "MKD"
  , "lat": 41.8333
  , "lng": 22
}, {
  "country": "Madagascar"
  , "code": "MDG"
  , "lat": -20
  , "lng": 47
}, {
  "country": "Malawi"
  , "code": "MWI"
  , "lat": -13.5
  , "lng": 34
}, {
  "country": "Malaysia"
  , "code": "MYS"
  , "lat": 2.5
  , "lng": 112.5
}, {
  "country": "Maldives"
  , "code": "MDV"
  , "lat": 3.25
  , "lng": 73
}, {
  "country": "Mali"
  , "code": "MLI"
  , "lat": 17
  , "lng": -4
}, {
  "country": "Malta"
  , "code": "MLT"
  , "lat": 35.8333
  , "lng": 14.5833
}, {
  "country": "Marshall Islands"
  , "code": "MHL"
  , "lat": 9
  , "lng": 168
}, {
  "country": "Martinique"
  , "code": "MTQ"
  , "lat": 14.6667
  , "lng": -61
}, {
  "country": "Mauritania"
  , "code": "MRT"
  , "lat": 20
  , "lng": -12
}, {
  "country": "Mauritius"
  , "code": "MUS"
  , "lat": -20.2833
  , "lng": 57.55
}, {
  "country": "Mayotte"
  , "code": "MYT"
  , "lat": -12.8333
  , "lng": 45.1667
}, {
  "country": "Mexico"
  , "code": "MEX"
  , "lat": 23
  , "lng": -102
}, {
  "country": "Micronesia, Federated States of"
  , "code": "FSM"
  , "lat": 6.9167
  , "lng": 158.25
}, {
  "country": "Moldova"
  , "code": "MDA"
  , "lat": 47
  , "lng": 29
}, {
  "country": "Monaco"
  , "code": "MCO"
  , "lat": 43.7333
  , "lng": 7.4
}, {
  "country": "Mongolia"
  , "code": "MNG"
  , "lat": 46
  , "lng": 105
}, {
  "country": "Montenegro"
  , "code": "MNE"
  , "lat": 42
  , "lng": 19
}, {
  "country": "Montserrat"
  , "code": "MSR"
  , "lat": 16.75
  , "lng": -62.2
}, {
  "country": "Morocco"
  , "code": "MAR"
  , "lat": 32
  , "lng": -5
}, {
  "country": "Mozambique"
  , "code": "MOZ"
  , "lat": -18.25
  , "lng": 35
}, {
  "country": "Myanmar"
  , "code": "MMR"
  , "lat": 22
  , "lng": 98
}, {
  "country": "Namibia"
  , "code": "NAM"
  , "lat": -22
  , "lng": 17
}, {
  "country": "Nauru"
  , "code": "NRU"
  , "lat": -0.5333
  , "lng": 166.9167
}, {
  "country": "Nepal"
  , "code": "NPL"
  , "lat": 28
  , "lng": 84
}, {
  "country": "Netherlands"
  , "code": "NLD"
  , "lat": 52.5
  , "lng": 5.75
}, {
  "country": "Netherlands Antilles"
  , "code": "ANT"
  , "lat": 12.25
  , "lng": -68.75
}, {
  "country": "New Caledonia"
  , "code": "NCL"
  , "lat": -21.5
  , "lng": 165.5
}, {
  "country": "New Zealand"
  , "code": "NZL"
  , "lat": -41
  , "lng": 174
}, {
  "country": "Nicaragua"
  , "code": "NIC"
  , "lat": 13
  , "lng": -85
}, {
  "country": "Niger"
  , "code": "NER"
  , "lat": 16
  , "lng": 8
}, {
  "country": "Nigeria"
  , "code": "NGA"
  , "lat": 10
  , "lng": 8
}, {
  "country": "Niue"
  , "code": "NIU"
  , "lat": -19.0333
  , "lng": -169.8667
}, {
  "country": "Norfolk Island"
  , "code": "NFK"
  , "lat": -29.0333
  , "lng": 167.95
}, {
  "country": "Northern Mariana Islands"
  , "code": "MNP"
  , "lat": 15.2
  , "lng": 145.75
}, {
  "country": "Norway"
  , "code": "NOR"
  , "lat": 62
  , "lng": 10
}, {
  "country": "Oman"
  , "code": "OMN"
  , "lat": 21
  , "lng": 57
}, {
  "country": "Pakistan"
  , "code": "PAK"
  , "lat": 30
  , "lng": 70
}, {
  "country": "Palau"
  , "code": "PLW"
  , "lat": 7.5
  , "lng": 134.5
}, {
  "country": "Palestine"
  , "code": "PSE"
  , "lat": 32
  , "lng": 35.25
}, {
  "country": "Panama"
  , "code": "PAN"
  , "lat": 9
  , "lng": -80
}, {
  "country": "Papua New Guinea"
  , "code": "PNG"
  , "lat": -6
  , "lng": 147
}, {
  "country": "Paraguay"
  , "code": "PRY"
  , "lat": -23
  , "lng": -58
}, {
  "country": "Peru"
  , "code": "PER"
  , "lat": -10
  , "lng": -76
}, {
  "country": "Philippines"
  , "code": "PHL"
  , "lat": 13
  , "lng": 122
}, {
  "country": "Pitcairn"
  , "code": "PCN"
  , "lat": -24.7
  , "lng": -127.4
}, {
  "country": "Poland"
  , "code": "POL"
  , "lat": 52
  , "lng": 20
}, {
  "country": "Portugal"
  , "code": "PRT"
  , "lat": 39.5
  , "lng": -8
}, {
  "country": "Puerto Rico"
  , "code": "PRI"
  , "lat": 18.25
  , "lng": -66.5
}, {
  "country": "Qatar"
  , "code": "QAT"
  , "lat": 25.5
  , "lng": 51.25
}, {
  "country": "Réunion"
  , "code": "REU"
  , "lat": -21.1
  , "lng": 55.6
}, {
  "country": "Romania"
  , "code": "ROU"
  , "lat": 46
  , "lng": 25
}, {
  "country": "Russia"
  , "code": "RUS"
  , "lat": 60
  , "lng": 100
}, {
  "country": "Rwanda"
  , "code": "RWA"
  , "lat": -2
  , "lng": 30
}, {
  "country": "Saint Helena, Ascension and Tristan da Cunha"
  , "code": "SHN"
  , "lat": -15.9333
  , "lng": -5.7
}, {
  "country": "Saint Kitts and Nevis"
  , "code": "KNA"
  , "lat": 17.3333
  , "lng": -62.75
}, {
  "country": "Saint Lucia"
  , "code": "LCA"
  , "lat": 13.8833
  , "lng": -61.1333
}, {
  "country": "Saint Pierre and Miquelon"
  , "code": "SPM"
  , "lat": 46.8333
  , "lng": -56.3333
}, {
  "country": "Saint Vincent and the Grenadines"
  , "code": "VCT"
  , "lat": 13.25
  , "lng": -61.2
}, {
  "country": "Samoa"
  , "code": "WSM"
  , "lat": -13.5833
  , "lng": -172.3333
}, {
  "country": "San Marino"
  , "code": "SMR"
  , "lat": 43.7667
  , "lng": 12.4167
}, {
  "country": "Sao Tome and Principe"
  , "code": "STP"
  , "lat": 1
  , "lng": 7
}, {
  "country": "Saudi Arabia"
  , "code": "SAU"
  , "lat": 25
  , "lng": 45
}, {
  "country": "Senegal"
  , "code": "SEN"
  , "lat": 14
  , "lng": -14
}, {
  "country": "Serbia"
  , "code": "SRB"
  , "lat": 44
  , "lng": 21
}, {
  "country": "Seychelles"
  , "code": "SYC"
  , "lat": -4.5833
  , "lng": 55.6667
}, {
  "country": "Sierra Leone"
  , "code": "SLE"
  , "lat": 8.5
  , "lng": -11.5
}, {
  "country": "Singapore"
  , "code": "SGP"
  , "lat": 1.3667
  , "lng": 103.8
}, {
  "country": "Slovakia"
  , "code": "SVK"
  , "lat": 48.6667
  , "lng": 19.5
}, {
  "country": "Slovenia"
  , "code": "SVN"
  , "lat": 46
  , "lng": 15
}, {
  "country": "Solomon Islands"
  , "code": "SLB"
  , "lat": -8
  , "lng": 159
}, {
  "country": "Somalia"
  , "code": "SOM"
  , "lat": 10
  , "lng": 49
}, {
  "country": "South Africa"
  , "code": "ZAF"
  , "lat": -29
  , "lng": 24
}, {
  "country": "South Georgia and the South Sandwich Islands"
  , "code": "SGS"
  , "lat": -54.5
  , "lng": -37
}, {
  "country": "Spain"
  , "code": "ESP"
  , "lat": 40
  , "lng": -4
}, {
  "country": "Sri Lanka"
  , "code": "LKA"
  , "lat": 7
  , "lng": 81
}, {
  "country": "Sudan"
  , "code": "SDN"
  , "lat": 15
  , "lng": 30
}, {
  "country": "Suriname"
  , "code": "SUR"
  , "lat": 4
  , "lng": -56
}, {
  "country": "Svalbard and Jan Mayen"
  , "code": "SJM"
  , "lat": 78
  , "lng": 20
}, {
  "country": "Swaziland"
  , "code": "SWZ"
  , "lat": -26.5
  , "lng": 31.5
}, {
  "country": "Sweden"
  , "code": "SWE"
  , "lat": 62
  , "lng": 15
}, {
  "country": "Switzerland"
  , "code": "CHE"
  , "lat": 47
  , "lng": 8
}, {
  "country": "Syria"
  , "code": "SYR"
  , "lat": 35
  , "lng": 38
}, {
  "country": "Taiwan Republic of China (Taiwan)"
  , "code": "TWN"
  , "lat": 23.5
  , "lng": 121
}, {
  "country": "Tajikistan"
  , "code": "TJK"
  , "lat": 39
  , "lng": 71
}, {
  "country": "Tanzania"
  , "code": "TZA"
  , "lat": -6
  , "lng": 35
}, {
  "country": "Thailand"
  , "code": "THA"
  , "lat": 15
  , "lng": 100
}, {
  "country": "Timor-Leste"
  , "code": "TLS"
  , "lat": -8.55
  , "lng": 125.5167
}, {
  "country": "Togo"
  , "code": "TGO"
  , "lat": 8
  , "lng": 1.1667
}, {
  "country": "Tokelau"
  , "code": "TKL"
  , "lat": -9
  , "lng": -172
}, {
  "country": "Tonga"
  , "code": "TON"
  , "lat": -20
  , "lng": -175
}, {
  "country": "Trinidad and Tobago"
  , "code": "TTO"
  , "lat": 11
  , "lng": -61
}, {
  "country": "Tunisia"
  , "code": "TUN"
  , "lat": 34
  , "lng": 9
}, {
  "country": "Turkey"
  , "code": "TUR"
  , "lat": 39
  , "lng": 35
}, {
  "country": "Turkmenistan"
  , "code": "TKM"
  , "lat": 40
  , "lng": 60
}, {
  "country": "Turks and Caicos Islands"
  , "code": "TCA"
  , "lat": 21.75
  , "lng": -71.5833
}, {
  "country": "Tuvalu"
  , "code": "TUV"
  , "lat": -8
  , "lng": 178
}, {
  "country": "Uganda"
  , "code": "UGA"
  , "lat": 1
  , "lng": 32
}, {
  "country": "Ukraine"
  , "code": "UKR"
  , "lat": 49
  , "lng": 32
}, {
  "country": "United Arab Emirates"
  , "code": "ARE"
  , "lat": 24
  , "lng": 54
}, {
  "country": "United Kingdom"
  , "code": "GBR"
  , "lat": 54
  , "lng": -2
}, {
  "country": "United States"
  , "code": "USA"
  , "lat": 38
  , "lng": -97
}, {
  "country": "United States Minor Outlying Islands"
  , "code": "UMI"
  , "lat": 19.2833
  , "lng": 166.6
}, {
  "country": "Uruguay"
  , "code": "URY"
  , "lat": -33
  , "lng": -56
}, {
  "country": "Uzbekistan"
  , "code": "UZB"
  , "lat": 41
  , "lng": 64
}, {
  "country": "Vanuatu"
  , "code": "VUT"
  , "lat": -16
  , "lng": 167
}, {
  "country": "Venezuela"
  , "code": "VEN"
  , "lat": 8
  , "lng": -66
}, {
  "country": "Vietnam"
  , "code": "VNM"
  , "lat": 16
  , "lng": 106
}, {
  "country": "Virgin Islands, British"
  , "code": "VGB"
  , "lat": 18.5
  , "lng": -64.5
}, {
  "country": "Virgin Islands, U.S."
  , "code": "VIR"
  , "lat": 18.3333
  , "lng": -64.8333
}, {
  "country": "Wallis and Futuna"
  , "code": "WLF"
  , "lat": -13.3
  , "lng": -176.2
}, {
  "country": "Western Sahara"
  , "code": "ESH"
  , "lat": 24.5
  , "lng": -13
}, {
  "country": "Yemen"
  , "code": "YEM"
  , "lat": 15
  , "lng": 48
}, {
  "country": "Zambia"
  , "code": "ZMB"
  , "lat": -15
  , "lng": 30
}, {
  "country": "Zimbabwe"
  , "code": "ZWE"
  , "lat": -20
  , "lng": 30
}, {
  "country": "Afghanistan"
  , "code": "AFG"
  , "lat": 33
  , "lng": 65
}]